ts_ms,funding_rate
1669766400000,0.00001048
1669795200000,-0.00000676
1669824000000,0.0001
1669852800000,-0.00018601
1669881600000,-0.00030662
1669910400000,-0.0000957
1669939200000,0.0001
1669968000000,0.0001
1669996800000,0.00004769
1670025600000,-0.00011683
1670054400000,-0.00010381
1670083200000,0.0001
1670112000000,0.0001
1670140800000,0.00008482
1670169600000,0.00006685
1670198400000,-0.00010183
1670227200000,-0.00030041
1670256000000,-0.00026486
1670284800000,0.0001
1670313600000,0.0001
1670342400000,0.00009862
1670371200000,0.00009301
1670400000000,0.0001
1670428800000,0.0001
1670457600000,-0.00000629
1670486400000,-0.00008519
1670515200000,-0.0000265
1670544000000,-0.0003213
1670572800000,-0.00019539
1670601600000,-0.00007354
1670630400000,-0.000037
1670659200000,-0.00004695
1670688000000,-0.00003214
1670716800000,-0.00024822
1670745600000,-0.0000733
1670774400000,-0.00007369
1670803200000,0.00001826
1670832000000,0.00007832
1670860800000,-0.0000578
1670889600000,-0.0002016
1670918400000,-0.00022398
1670947200000,-0.00038555
1670976000000,-0.00032917
1671004800000,0.00003926
1671033600000,-0.00023733
1671062400000,-0.0006066
1671091200000,-0.00014548
1671120000000,-0.00006123
1671148800000,0.0001
1671177600000,-0.00019453
1671206400000,-0.00007165
1671235200000,0.0001
1671264000000,0.0001
1671292800000,0.00009731
1671321600000,0.00009656
1671350400000,0.0000552
1671379200000,0.00000537
1671408000000,0.00007116
1671436800000,-0.00004437
1671465600000,0.00003085
1671494400000,0.0001
1671523200000,0.0001
1671552000000,0.00006004
1671580800000,0.00006598
1671609600000,0.0001
1671638400000,0.0001
1671667200000,0.0001
1671696000000,0.00007265
1671724800000,0.0001
1671753600000,0.0001
1671782400000,0.0001
1671811200000,0.0001
1671840000000,0.0001
1671868800000,0.0001
1671897600000,0.0001
1671926400000,0.0001
1671955200000,0.0001
1671984000000,0.0001
1672012800000,0.0001
1672041600000,0.00004361
1672070400000,0.00009139
1672099200000,0.0001
1672128000000,0.00008357
1672156800000,0.0001
1672185600000,0.0001
1672214400000,0.0001
1672243200000,0.0001
1672272000000,0.0001
1672300800000,0.0001
1672329600000,0.0001
1672358400000,0.0001
1672387200000,0.0001
1672416000000,0.0001
1672444800000,0.00014457
1672473600000,0.0003689
1672502400000,0.00035736
1672531200000,0.00024639
1672560000000,0.0003643
1672588800000,0.00019145
1672617600000,0.0001
1672646400000,0.0001
1672675200000,0.0001
1672704000000,0.0001
1672732800000,0.0001
1672761600000,0.0001
1672790400000,0.0001
1672819200000,0.0001
1672848000000,0.0001
1672876800000,0.00006612
1672905600000,0.00003569
1672934400000,0.0001
1672963200000,-0.00003394
1672992000000,0.00008281
1673020800000,0.0001
1673049600000,0.00000582
1673078400000,0.00002609
1673107200000,0.0001
1673136000000,0.0001
1673164800000,0.0001
1673193600000,0.0001
1673222400000,0.0001
1673251200000,-0.00011396
1673280000000,-0.00021
1673308800000,-0.00015672
1673337600000,0.00001103
1673366400000,-0.00017739
1673395200000,-0.0004199
1673424000000,-0.00016625
1673452800000,0.00001701
1673481600000,-0.00025655
1673510400000,-0.00019061
1673539200000,-0.00001809
1673568000000,-0.00035608
1673596800000,-0.00042722
1673625600000,-0.00029924
1673654400000,-0.00045309
1673683200000,0.0001
1673712000000,0.0001
1673740800000,0.0001
1673769600000,0.0001
1673798400000,0.0001
1673827200000,0.0001
1673856000000,0.0001
1673884800000,0.0001
1673913600000,0.0001
1673942400000,0.0001
1673971200000,0.0001
1674000000000,-0.0000982
1674028800000,0.0001
1674057600000,0.00001262
1674086400000,0.0001
1674115200000,0.0001
1674144000000,-0.00001471
1674172800000,-0.00018378
1674201600000,-0.00001235
1674230400000,0.00000914
1674259200000,0.00000966
1674288000000,0.0001
1674316800000,0.0001
1674345600000,0.0001
1674374400000,0.0001
1674403200000,0.0001
1674432000000,0.0001
1674460800000,0.0001
1674489600000,0.0001
1674518400000,0.0001
1674547200000,0.0001
1674576000000,0.0001
1674604800000,0.0001
1674633600000,0.0001
1674662400000,0.0001
1674691200000,0.0001
1674720000000,0.0001
1674748800000,0.0001
1674777600000,0.0001
1674806400000,0.0001
1674835200000,0.0001
1674864000000,0.0001
1674892800000,0.0001
1674921600000,0.0001
1674950400000,0.0001
1674979200000,0.0001
1675008000000,0.0001
1675036800000,0.0001
1675065600000,0.0001
1675094400000,0.0001
1675123200000,0.0001
1675152000000,0.0001
1675180800000,0.0001
1675209600000,0.0001
1675238400000,0.0001
1675267200000,0.0001
1675296000000,0.0001
1675324800000,0.0001
1675353600000,0.0001
1675382400000,0.0001
1675411200000,0.0001
1675440000000,0.0001
1675468800000,0.0001
1675497600000,0.0001
1675526400000,0.0001
1675555200000,0.0001
1675584000000,0.0001
1675612800000,0.0001
1675641600000,0.0001
1675670400000,0.0001
1675699200000,0.0001
1675728000000,0.0001
1675756800000,0.0001
1675785600000,0.0001
1675814400000,0.0001
1675843200000,0.0001
1675872000000,0.0001
1675900800000,0.0001
1675929600000,0.0001
1675958400000,0.00005169
1675987200000,0.0001
1676016000000,0.0001
1676044800000,0.0001
1676073600000,0.0001
1676102400000,0.00005648
1676131200000,0.0001
1676160000000,0.0001
1676188800000,0.0001
1676217600000,0.0001
1676246400000,0.00003235
1676275200000,0.0001
1676304000000,0.0001
1676332800000,0.0001
1676361600000,0.0001
1676390400000,0.0001
1676419200000,0.00001311
1676448000000,0.00000058
1676476800000,0.00000791
1676505600000,0.0001
1676534400000,0.0001
1676563200000,0.00014868
1676592000000,0.0001
1676620800000,0.0001
1676649600000,0.0001
1676678400000,0.0001
1676707200000,0.0001
1676736000000,0.0001
1676764800000,0.0001
1676793600000,0.0001
1676822400000,0.0001
1676851200000,0.0001
1676880000000,0.0001
1676908800000,0.0001
1676937600000,0.0001
1676966400000,0.0001
1676995200000,0.0001
1677024000000,0.0001
1677052800000,0.0001
1677081600000,0.0001
1677110400000,0.0001
1677139200000,0.0001
1677168000000,0.0001
1677196800000,0.0001
1677225600000,0.0001
1677254400000,0.0001
1677283200000,0.0001
1677312000000,0.0001
1677340800000,0.0001
1677369600000,0.0001
1677398400000,0.0001
1677427200000,0.0001
1677456000000,0.0001
1677484800000,0.0001
1677513600000,0.0001
1677542400000,0.0001
1677571200000,0.0001
1677600000000,0.0001
1677628800000,0.0001
1677657600000,0.0001
1677686400000,0.0001
1677715200000,0.0001
1677744000000,0.0001
1677772800000,0.0001
1677801600000,0.0001
1677830400000,0.0001
1677859200000,0.0001
1677888000000,0.0001
1677916800000,0.00005761
1677945600000,0.00002137
1677974400000,0.0001
1678003200000,0.00003899
1678032000000,0.0001
1678060800000,0.00003621
1678089600000,-0.00000853
1678118400000,0.00003329
1678147200000,0.00003018
1678176000000,0.00003779
1678204800000,0.0001
1678233600000,0.0001
1678262400000,0.00005819
1678291200000,0.0001
1678320000000,0.0001
1678348800000,0.0001
1678377600000,0.0001
1678406400000,0.0001
1678435200000,0.00002191
1678464000000,0.00005194
1678492800000,0.00007963
1678521600000,0.00002727
1678550400000,0.0001
1678579200000,0.0001
1678608000000,0.0001
1678636800000,0.00009121
1678665600000,0.0001
1678694400000,-0.0000281
1678723200000,0.0001
1678752000000,0.00012226
1678780800000,0.0001
1678809600000,0.0001
1678838400000,0.0001
1678867200000,0.0001719
1678896000000,0.0001
1678924800000,0.0001
1678953600000,0.0001
1678982400000,0.0001
1679011200000,0.0001
1679040000000,0.0001
1679068800000,0.0001
1679097600000,0.0001
1679126400000,0.0001
1679155200000,0.0001
1679184000000,0.0001
1679212800000,0.0001
1679241600000,0.0001
1679270400000,0.0001
1679299200000,0.0001
1679328000000,0.0001
1679356800000,0.0001
1679385600000,0.00003085
1679414400000,0.00007882
1679443200000,-0.00000795
1679472000000,0.00006154
1679500800000,0.00006755
1679529600000,-0.00000895
1679558400000,0.00008682
1679587200000,0.0001
1679616000000,0.0001
1679644800000,0.0001
1679673600000,0.00006691
1679702400000,0.0001
1679731200000,0.0001
1679760000000,0.00003954
1679788800000,0.00002751
1679817600000,-0.000042
1679846400000,0.00004325
1679875200000,0.00007762
1679904000000,0.00000965
1679932800000,0.00004464
1679961600000,0.00001868
1679990400000,0.00008063
1680019200000,0.0001
1680048000000,-0.00005442
1680076800000,-0.00001909
1680105600000,0.0001
1680134400000,0.0001
1680163200000,0.0001
1680192000000,0.0001
1680220800000,0.00008299
1680249600000,0.00003594
1680278400000,-0.00002597
1680307200000,0.00000012
1680336000000,-0.00001623
1680364800000,0.0000014
1680393600000,0.00001637
1680422400000,0.00004341
1680451200000,0.00004779
1680480000000,0.00009336
1680508800000,0.00004414
1680537600000,0.00002306
1680566400000,-0.00000531
1680595200000,-0.00000816
1680624000000,-0.00001772
1680652800000,-0.00008251
1680681600000,0.0001
1680710400000,0.0001
1680739200000,0.00003404
1680768000000,0.00001126
1680796800000,-0.00000396
1680825600000,0.00007384
1680854400000,0.00009198
1680883200000,0.00004025
1680912000000,0.00005402
1680940800000,0.00004401
1680969600000,0.00005449
1680998400000,0.00008156
1681027200000,0.00001394
1681056000000,0.00006249
1681084800000,0.00002949
1681113600000,-0.00005131
1681142400000,-0.00000271
1681171200000,-0.00000638
1681200000000,0.0001
1681228800000,0.0001
1681257600000,0.0001
1681286400000,0.0001
1681315200000,0.00006271
1681344000000,0.00005908
1681372800000,0.0001
1681401600000,0.0001
1681430400000,0.0001
1681459200000,0.0001
1681488000000,0.0001
1681516800000,0.00000407
1681545600000,0.0001
1681574400000,0.0001
1681603200000,0.0001
1681632000000,0.0001
1681660800000,0.0001
1681689600000,0.0001
1681718400000,0.0001
1681747200000,0.0001
1681776000000,0.0001
1681804800000,0.0001
1681833600000,0.0001
1681862400000,0.0001
1681891200000,0.0001
1681920000000,0.0001
1681948800000,0.0001
1681977600000,0.0001
1682006400000,0.0001
1682035200000,0.0001
1682064000000,0.0001
1682092800000,0.0001
1682121600000,0.0001
1682150400000,0.0001
1682179200000,0.0001
1682208000000,0.0001
1682236800000,0.0001
1682265600000,0.00008685
1682294400000,0.0001
1682323200000,0.0001
1682352000000,0.00003695
1682380800000,0.00007732
1682409600000,0.0001
1682438400000,0.00007472
1682467200000,-0.00000066
1682496000000,0.00001456
1682524800000,0.00005947
1682553600000,0.0001
1682582400000,0.00008932
1682611200000,0.0000514
1682640000000,0.00005434
1682668800000,0.0001
1682697600000,0.00008576
1682726400000,0.00006136
1682755200000,-0.00004155
1682784000000,0.00001043
1682812800000,0.00000106
1682841600000,0.00000177
1682870400000,-0.00003648
1682899200000,0.0000858
1682928000000,0.00005264
1682956800000,0.00000107
1682985600000,0.0001
1683014400000,0.00005136
1683043200000,0.00004872
1683072000000,-0.00004562
1683100800000,0.0001
1683129600000,0.0001
1683158400000,0.0001
1683187200000,0.0001
1683216000000,0.0001
1683244800000,0.00004261
1683273600000,0.0001
1683302400000,0.0001
1683331200000,0.0001
1683360000000,0.0001
1683388800000,0.0001
1683417600000,0.00009624
1683446400000,-0.0000038
1683475200000,0.00003148
1683504000000,0.00008703
1683532800000,0.00008905
1683561600000,0.0000705
1683590400000,0.0001
1683619200000,0.00008542
1683648000000,0.00008356
1683676800000,0.00007871
1683705600000,0.00005003
1683734400000,-0.00001589
1683763200000,-0.00001436
1683792000000,0.0000342
1683820800000,0.00001364
1683849600000,0.00003612
1683878400000,0.00006721
1683907200000,0.00006428
1683936000000,0.00003724
1683964800000,0.00003879
1683993600000,0.00003553
1684022400000,0.00007907
1684051200000,0.00004795
1684080000000,0.00008298
1684108800000,0.00007979
1684137600000,0.00001918
1684166400000,0.00005153
1684195200000,0.00003473
1684224000000,0.00007758
1684252800000,0.00008434
1684281600000,0.0001
1684310400000,0.0001
1684339200000,0.00007675
1684368000000,0.00005809
1684396800000,-0.0000095
1684425600000,0.0001
1684454400000,0.00007105
1684483200000,0.00009379
1684512000000,0.00007141
1684540800000,0.0001
1684569600000,0.0001
1684598400000,0.00002041
1684627200000,-0.00001167
1684656000000,0.0001
1684684800000,0.0001
1684713600000,0.0001
1684742400000,0.0001
1684771200000,0.0001
1684800000000,0.00006784
1684828800000,0.00004273
1684857600000,0.00002217
1684886400000,0.0001
1684915200000,0.0001
1684944000000,0.0001
1684972800000,0.0001
1685001600000,0.0000576
1685030400000,0.00005212
1685059200000,0.00003485
1685088000000,-0.0000191
1685116800000,0.0001
1685145600000,-0.00001856
1685174400000,0.00009096
1685203200000,0.00008723
1685232000000,0.00006006
1685260800000,-0.00005538
1685289600000,-0.00003221
1685318400000,0.00003516
1685347200000,0.00009328
1685376000000,0.0001
1685404800000,0.0001
1685433600000,0.0001
1685462400000,0.0001
1685491200000,0.0001
1685520000000,0.0001
1685548800000,0.0001
1685577600000,0.0001
1685606400000,0.0001
1685635200000,0.0001
1685664000000,0.0001
1685692800000,0.0001
1685721600000,0.0001
1685750400000,0.0001
1685779200000,0.0001
1685808000000,0.0001
1685836800000,0.0001
1685865600000,0.0001
1685894400000,0.0001
1685923200000,0.0001
1685952000000,0.0001
1685980800000,0.0001
1686009600000,0.0001
1686038400000,0.00004867
1686067200000,0.0001
1686096000000,0.00009526
1686124800000,0.0001
1686153600000,0.0001
1686182400000,0.0000574
1686211200000,0.00002319
1686240000000,0.00006353
1686268800000,0.00006681
1686297600000,0.00000468
1686326400000,0.00003707
1686355200000,0.0000818
1686384000000,0.0001
1686412800000,0.0001
1686441600000,0.0001
1686470400000,0.00009044
1686499200000,0.0001
1686528000000,0.0001
1686556800000,0.0000801
1686585600000,0.0000605
1686614400000,0.0001
1686643200000,0.00005611
1686672000000,0.00000805
1686700800000,0.00003376
1686729600000,0.00002453
1686758400000,-0.0000158
1686787200000,0.00004939
1686816000000,0.0001
1686844800000,0.0001
1686873600000,0.0001
1686902400000,0.0001
1686931200000,0.00007284
1686960000000,-0.00003008
1686988800000,0.00007489
1687017600000,0.0001
1687046400000,0.0001
1687075200000,0.00003544
1687104000000,0.00004409
1687132800000,0.00008
1687161600000,0.0001
1687190400000,0.00009362
1687219200000,0.0000354
1687248000000,-0.00002504
1687276800000,0.00004621
1687305600000,-0.0000864
1687334400000,0.00000378
1687363200000,0.00000015
1687392000000,0.0001
1687420800000,0.00009829
1687449600000,0.0001
1687478400000,0.0001
1687507200000,0.0001
1687536000000,0.0001
1687564800000,0.0001
1687593600000,0.0001
1687622400000,0.0001
1687651200000,0.0001
1687680000000,0.0001
1687708800000,0.0001
1687737600000,0.0001
1687766400000,0.0001
1687795200000,0.0001
1687824000000,0.0001
1687852800000,0.0001
1687881600000,0.0001
1687910400000,0.0000662
1687939200000,0.00008981
1687968000000,0.00005861
1687996800000,0.00009221
1688025600000,0.00006167
1688054400000,0.0001
1688083200000,0.0001
1688112000000,0.0001
1688140800000,-0.00003168
1688169600000,0.0001
1688198400000,0.0001
1688227200000,0.0001
1688256000000,0.0001
1688284800000,0.0001
1688313600000,0.0001
1688342400000,0.0001
1688371200000,0.0001
1688400000000,0.00009481
1688428800000,0.0001
1688457600000,0.0001
1688486400000,0.0001
1688515200000,0.0001
1688544000000,0.0001
1688572800000,0.00007615
1688601600000,0.00004675
1688630400000,0.00006954
1688659200000,0.00004427
1688688000000,0.0000878
1688716800000,0.0001
1688745600000,0.00001305
1688774400000,-0.00002498
1688803200000,0.0001
1688832000000,0.00008567
1688860800000,0.00005799
1688889600000,0.0001
1688918400000,0.0001
1688947200000,0.0001
1688976000000,0.0001
1689004800000,0.00007674
1689033600000,0.00001659
1689062400000,0.00005316
1689091200000,0.0001
1689120000000,0.00008964
1689148800000,0.00007769
1689177600000,0.00000464
1689206400000,0.00004083
1689235200000,0.0000611
1689264000000,-0.00000945
1689292800000,0.0001
1689321600000,0.0001
1689350400000,0.0001
1689379200000,0.00009997
1689408000000,0.00001832
1689436800000,0.00004004
1689465600000,0.00003392
1689494400000,0.0001
1689523200000,0.00008931
1689552000000,0.0001
1689580800000,0.00006438
1689609600000,0.00007613
1689638400000,0.00000808
1689667200000,-0.00003259
1689696000000,0.00006215
1689724800000,0.00007668
1689753600000,0.0001
1689782400000,0.00006233
1689811200000,0.00000637
1689840000000,0.00009372
1689868800000,0.00005461
1689897600000,0.00001987
1689926400000,0.00003805
1689955200000,-0.00000973
1689984000000,0.00000948
1690012800000,0.00009716
1690041600000,0.00006647
1690070400000,0.00009174
1690099200000,0.00000264
1690128000000,0.00004184
1690156800000,-0.00000127
1690185600000,0.00005915
1690214400000,0.00005623
1690243200000,0.00007692
1690272000000,-0.00000611
1690300800000,-0.0000097
1690329600000,0.00003565
1690358400000,0.0000884
1690387200000,0.0000148
1690416000000,0.00001276
1690444800000,0.00004395
1690473600000,0.00003725
1690502400000,0.00004497
1690531200000,0.00001787
1690560000000,0.00003948
1690588800000,0.0001
1690617600000,0.00006411
1690646400000,0.00007558
1690675200000,0.00005174
1690704000000,0.0000328
1690732800000,0.00006935
1690761600000,0.00002494
1690790400000,0.00002445
1690819200000,0.00001912
1690848000000,0.0001
1690876800000,0.0001
1690905600000,0.0001
1690934400000,0.0001
1690963200000,0.0001
1690992000000,0.0001
1691020800000,0.0001
1691049600000,0.0001
1691078400000,0.0001
1691107200000,0.0001
1691136000000,0.0001
1691164800000,0.0001
1691193600000,0.0001
1691222400000,0.00008422
1691251200000,0.0001
1691280000000,0.0001
1691308800000,0.0001
1691337600000,0.0001
1691366400000,0.0001
1691395200000,0.00008676
1691424000000,0.0001
1691452800000,0.0001
1691481600000,0.00002398
1691510400000,-0.00001053
1691539200000,0.00000633
1691568000000,0.00007799
1691596800000,0.0001
1691625600000,0.0001
1691654400000,0.0001
1691683200000,0.0001
1691712000000,0.0001
1691740800000,0.0001
1691769600000,0.00006988
1691798400000,0.0001
1691827200000,0.0001
1691856000000,0.0001
1691884800000,0.0001
1691913600000,0.0001
1691942400000,0.0001
1691971200000,0.0001
1692000000000,0.0001
1692028800000,0.0001
1692057600000,0.0001
1692086400000,0.0001
1692115200000,0.0001
1692144000000,0.0001
1692172800000,0.0001
1692201600000,0.0001
1692230400000,0.0001
1692259200000,0.0001
1692288000000,0.0001
1692316800000,0.00006393
1692345600000,-0.00000492
1692374400000,-0.00000062
1692403200000,-0.00001898
1692432000000,-0.00000712
1692460800000,0.00000878
1692489600000,0.00005549
1692518400000,0.00005412
1692547200000,0.0000183
1692576000000,-0.00004073
1692604800000,-0.00002506
1692633600000,0.00001392
1692662400000,0.00001
1692691200000,-0.00005498
1692720000000,-0.00000376
1692748800000,0.00005461
1692777600000,0.00005724
1692806400000,0.00001921
1692835200000,-0.00001954
1692864000000,0.00002141
1692892800000,0.00008403
1692921600000,0.00005872
1692950400000,-0.00001352
1692979200000,0.00000508
1693008000000,0.00000877
1693036800000,-0.00003137
1693065600000,0.00000224
1693094400000,0.00006063
1693123200000,-0.00002401
1693152000000,0.0000366
1693180800000,0.00005189
1693209600000,0.00009912
1693238400000,0.00002413
1693267200000,0.00001152
1693296000000,-0.0000124
1693324800000,0.000073
1693353600000,0.00004032
1693382400000,0.00006125
1693411200000,0.0001
1693440000000,0.0000169
1693468800000,0.0000561
1693497600000,0.00000882
1693526400000,0.00002115
1693555200000,0.00001899
1693584000000,0.00001638
1693612800000,0.00005825
1693641600000,0.00002816
1693670400000,0.00002341
1693699200000,0.0001
1693728000000,0.00003091
1693756800000,0.00000399
1693785600000,0.00003093
1693814400000,0.00003004
1693843200000,0.00008406
1693872000000,0.00002449
1693900800000,0.00000805
1693929600000,0.00001126
1693958400000,0.00001267
1693987200000,0.00000642
1694016000000,0.00006336
1694044800000,0.00003892
1694073600000,0.0001
1694102400000,0.0000206
1694131200000,0.00003593
1694160000000,0.00005989
1694188800000,0.00004996
1694217600000,0.0000474
1694246400000,0.00000425
1694275200000,0.00001661
1694304000000,0.00003389
1694332800000,0.00006603
1694361600000,0.00009439
1694390400000,0.0000735
1694419200000,0.00002295
1694448000000,-0.00000452
1694476800000,0.00004155
1694505600000,0.00005007
1694534400000,0.00006583
1694563200000,0.00002247
1694592000000,-0.00003967
1694620800000,0.00000377
1694649600000,-0.00002862
1694678400000,-0.00000389
1694707200000,0.00001107
1694736000000,-0.00001362
1694764800000,0.00001452
1694793600000,0.0000745
1694822400000,-0.00005021
1694851200000,-0.00001001
1694880000000,0.00005574
1694908800000,0.00007234
1694937600000,0.00003727
1694966400000,0.00002862
1694995200000,0.00000153
1695024000000,0.0001
1695052800000,0.00004192
1695081600000,0.00005882
1695110400000,0.00005051
1695139200000,0.00008455
1695168000000,0.00005883
1695196800000,0.00003112
1695225600000,0.00002605
1695254400000,0.00003228
1695283200000,0.00005862
1695312000000,0.00002769
1695340800000,-0.00002319
1695369600000,0.00000166
1695398400000,0.00002708
1695427200000,0.00002088
1695456000000,-0.00001691
1695484800000,0.00002647
1695513600000,0.00005368
1695542400000,0.00003652
1695571200000,0.00006269
1695600000000,0.00001607
1695628800000,-0.00000638
1695657600000,0.00001864
1695686400000,-0.00005563
1695715200000,0.00001948
1695744000000,0.00004889
1695772800000,-0.00000291
1695801600000,0.00002315
1695830400000,-0.00005203
1695859200000,0.00005036
1695888000000,-0.00000943
1695916800000,-0.00003652
1695945600000,-0.00002847
1695974400000,0.00001418
1696003200000,0.00002607
1696032000000,0.0001
1696060800000,0.00005418
1696089600000,0.0001
1696118400000,0.0001
1696147200000,0.00009189
1696176000000,0.00005051
1696204800000,0.00003324
1696233600000,-0.0000487
1696262400000,-0.00003239
1696291200000,0.00009645
1696320000000,0.0001
1696348800000,0.00006702
1696377600000,0.0001
1696406400000,0.00007308
1696435200000,0.00009079
1696464000000,0.00008474
1696492800000,0.00007741
1696521600000,0.00001476
1696550400000,0.00005881
1696579200000,0.00005197
1696608000000,0.00000457
1696636800000,0.00003193
1696665600000,0.00004409
1696694400000,-0.00003952
1696723200000,-0.00008017
1696752000000,-0.00001736
1696780800000,0.00003078
1696809600000,-0.00002543
1696838400000,-0.00001491
1696867200000,-0.00001275
1696896000000,0.00009735
1696924800000,0.00002403
1696953600000,0.00003746
1696982400000,0.00008565
1697011200000,0.00007159
1697040000000,0.0001
1697068800000,0.0001
1697097600000,0.00009346
1697126400000,0.0001
1697155200000,0.0001
1697184000000,0.00008044
1697212800000,0.0001
1697241600000,0.0001
1697270400000,0.00009749
1697299200000,0.0001
1697328000000,0.00005329
1697356800000,0.00006929
1697385600000,0.00008953
1697414400000,0.00001139
1697443200000,-0.00002151
1697472000000,0.00005177
1697500800000,0.0000547
1697529600000,0.00005961
1697558400000,0.000051
1697587200000,-0.00001695
1697616000000,0.00005001
1697644800000,0.00002251
1697673600000,0.00004369
1697702400000,-0.00000273
1697731200000,0.00001257
1697760000000,-0.00001658
1697788800000,0.00005458
1697817600000,0.00008577
1697846400000,0.0001
1697875200000,0.0001
1697904000000,0.00000299
1697932800000,0.00000398
1697961600000,0.00001297
1697990400000,0.00005399
1698019200000,0.00005084
1698048000000,0.0001
1698076800000,0.0001
1698105600000,0.0001
1698134400000,0.0001
1698163200000,0.0001
1698192000000,0.0001
1698220800000,0.0001
1698249600000,0.0001
1698278400000,0.0001
1698307200000,0.0001
1698336000000,0.0001
1698364800000,0.0001
1698393600000,0.0001
1698422400000,0.0001
1698451200000,0.0001
1698480000000,0.00017876
1698508800000,0.0001
1698537600000,0.0001
1698566400000,0.0001
1698595200000,0.0001
1698624000000,0.0001
1698652800000,0.0001
1698681600000,0.0001
1698710400000,0.0001
1698739200000,0.0001
1698768000000,0.00010516
1698796800000,0.0001
1698825600000,0.0001193
1698854400000,0.0001
1698883200000,0.00014309
1698912000000,0.00018541
1698940800000,0.00011649
1698969600000,0.0001
1698998400000,0.0001
1699027200000,0.0001
1699056000000,0.0001
1699084800000,0.0001
1699113600000,0.0001
1699142400000,0.0001
1699171200000,0.0001
1699200000000,0.0001
1699228800000,0.00012243
1699257600000,0.0001
1699286400000,0.00026302
1699315200000,0.0001
1699344000000,0.0001
1699372800000,0.00010434
1699401600000,0.00011888
1699430400000,0.00025842
1699459200000,0.000157
1699488000000,0.00013904
1699516800000,0.0002041
1699545600000,0.0004003
1699574400000,0.00018027
1699603200000,0.00045315
1699632000000,0.0002972
1699660800000,0.0002613
1699689600000,0.00023984
1699718400000,0.00025548
1699747200000,0.00019689
1699776000000,0.00020745
1699804800000,0.0002686
1699833600000,0.00031492
1699862400000,0.00032407
1699891200000,0.00037847
1699920000000,0.00014184
1699948800000,0.00017047
1699977600000,0.00011821
1700006400000,0.0001
1700035200000,0.0001
1700064000000,0.0001
1700092800000,0.0001
1700121600000,0.00020167
1700150400000,0.00014161
1700179200000,0.0001
1700208000000,0.0001
1700236800000,0.0001
1700265600000,0.0001
1700294400000,0.0001
1700323200000,0.0001
1700352000000,0.0001
1700380800000,0.0001
1700409600000,0.0001
1700438400000,0.0001
1700467200000,0.0001
1700496000000,0.00015534
1700524800000,0.0001
1700553600000,0.0001
1700582400000,0.0001
1700611200000,0.0001
1700640000000,0.0001
1700668800000,0.0001
1700697600000,0.0001
1700726400000,0.0001
1700755200000,0.0001
1700784000000,0.0001
1700812800000,0.0001
1700841600000,0.0001
1700870400000,0.0001
1700899200000,0.0001
1700928000000,0.0001
1700956800000,0.0001
1700985600000,0.0001
1701014400000,0.0001
1701043200000,0.0001
1701072000000,0.0001
1701100800000,0.0001
1701129600000,0.0001
1701158400000,0.0001
1701187200000,0.0001
1701216000000,0.0001
1701244800000,0.0001
1701273600000,0.0001
1701302400000,0.0001
1701331200000,0.0001
1701360000000,0.0001
1701388800000,0.0001
1701417600000,0.0001
1701446400000,0.0001
1701475200000,0.0001
1701504000000,0.0001
1701532800000,0.0001
1701561600000,0.0001
1701590400000,0.0001
1701619200000,0.0001
1701648000000,0.0001
1701676800000,0.00039246
1701705600000,0.0001
1701734400000,0.0001
1701763200000,0.0001
1701792000000,0.0001
1701820800000,0.0001
1701849600000,0.0001
1701878400000,0.0001
1701907200000,0.0001
1701936000000,0.00010721
1701964800000,0.00016767
1701993600000,0.00023913
1702022400000,0.00044041
1702051200000,0.00034051
1702080000000,0.00011864
1702108800000,0.00049285
1702137600000,0.00032929
1702166400000,0.00033498
1702195200000,0.0003097
1702224000000,0.00039354
1702252800000,0.00033285
1702281600000,0.00015948
1702310400000,0.0001
1702339200000,0.00021542
1702368000000,0.00016545
1702396800000,0.0001
1702425600000,0.00018236
1702454400000,0.00015492
1702483200000,0.00016232
1702512000000,0.00010146
1702540800000,0.00012332
1702569600000,0.00011106
1702598400000,0.00010466
1702627200000,0.00015354
1702656000000,0.00013415
1702684800000,0.0001
1702713600000,0.00024408
1702742400000,0.00017406
1702771200000,0.00017286
1702800000000,0.0001
1702828800000,0.0001
1702857600000,0.00013303
1702886400000,0.0001
1702915200000,0.00010731
1702944000000,0.0001
1702972800000,0.00017727
1703001600000,0.00013946
1703030400000,0.0001
1703059200000,0.0001
1703088000000,0.00018725
1703116800000,0.000152
1703145600000,0.00022504
1703174400000,0.00033844
1703203200000,0.00024215
1703232000000,0.00030643
1703260800000,0.00020031
1703289600000,0.00015263
1703318400000,0.0001
1703347200000,0.0001
1703376000000,0.0001
1703404800000,0.00025197
1703433600000,0.0001
1703462400000,0.0001
1703491200000,0.0001
1703520000000,0.00018708
1703548800000,0.0003048
1703577600000,0.00027919
1703606400000,0.00032104
1703635200000,0.00040735
1703664000000,0.00042225
1703692800000,0.0005221
1703721600000,0.00019269
1703750400000,0.00038854
1703779200000,0.00057322
1703808000000,0.00059775
1703836800000,0.00044001
1703865600000,0.000435
1703894400000,0.00039208
1703923200000,0.00036923
1703952000000,0.00024277
1703980800000,0.00026419
1704009600000,0.00040148
1704038400000,0.00044151
1704067200000,0.00043294
1704096000000,0.00049955
1704124800000,0.00037274
1704153600000,0.00057167
1704182400000,0.00049958
1704211200000,0.00066228
1704240000000,0.00045739
1704268800000,0.00035429
1704297600000,0.0001
1704326400000,0.0001
1704355200000,0.0001
1704384000000,0.0001
1704412800000,0.0001
1704441600000,0.0001
1704470400000,0.0001
1704499200000,0.0001
1704528000000,0.0001
1704556800000,0.0001
1704585600000,0.0001
1704614400000,0.0001
1704643200000,0.0001
1704672000000,0.0001
1704700800000,0.0001
1704729600000,0.0001
1704758400000,0.0001
1704787200000,0.0001
1704816000000,0.0001
1704844800000,0.0001
1704873600000,0.0001
1704902400000,0.0001
1704931200000,0.0001
1704960000000,0.0001
1704988800000,0.0001
1705017600000,0.0001
1705046400000,0.0001
1705075200000,0.0001
1705104000000,0.0001
1705132800000,0.0001
1705161600000,0.0001
1705190400000,0.0001
1705219200000,0.0001
1705248000000,0.0001
1705276800000,0.0001
1705305600000,0.0001
1705334400000,0.0001
1705363200000,0.0001
1705392000000,0.0001
1705420800000,0.0001
1705449600000,0.0001
1705478400000,0.0001
1705507200000,0.0001
1705536000000,0.0001
1705564800000,0.0001
1705593600000,0.0001
1705622400000,0.0001
1705651200000,0.0001
1705680000000,0.0001
1705708800000,0.0001
1705737600000,0.0001
1705766400000,0.0001
1705795200000,0.0001
1705824000000,0.0001
1705852800000,0.0001
1705881600000,0.0001
1705910400000,0.0001
1705939200000,0.0001
1705968000000,0.0001
1705996800000,0.0001
1706025600000,0.0001
1706054400000,0.0001
1706083200000,0.0001
1706112000000,0.0001
1706140800000,0.0001
1706169600000,0.0001
1706198400000,0.0001
1706227200000,0.0001
1706256000000,0.0001
1706284800000,0.0001
1706313600000,0.0001
1706342400000,0.0001
1706371200000,0.0001
1706400000000,0.00000678
1706428800000,0.00000543
1706457600000,0.0001
1706486400000,0.0001
1706515200000,0.0001
1706544000000,0.0001
1706572800000,0.00008201
1706601600000,0.0001
1706630400000,0.0001
1706659200000,0.00001302
1706688000000,0.0001
1706716800000,0.0001
1706745600000,0.00005432
1706774400000,0.0001
1706803200000,0.0001
1706832000000,0.00007298
1706860800000,0.0001
1706889600000,0.0001
1706918400000,0.00008511
1706947200000,0.00004735
1706976000000,0.0001
1707004800000,0.00008642
1707033600000,0.0001
1707062400000,0.0001
1707091200000,0.00008355
1707120000000,0.0001
1707148800000,0.0001
1707177600000,0.0001
1707206400000,0.0001
1707235200000,0.0001
1707264000000,0.00005488
1707292800000,0.0001
1707321600000,0.0001
1707350400000,0.0001
1707379200000,0.00006283
1707408000000,0.00000361
1707436800000,-0.0000288
1707465600000,0.0001
1707494400000,0.0001
1707523200000,0.0001
1707552000000,0.0001
1707580800000,0.0001
1707609600000,0.0001
1707638400000,0.0001
1707667200000,0.0001
1707696000000,0.0001
1707724800000,0.0001
1707753600000,0.0001
1707782400000,0.0001
1707811200000,0.0001
1707840000000,0.0001
1707868800000,0.0001
1707897600000,0.0001
1707926400000,0.00011153
1707955200000,0.0001
1707984000000,0.00014722
1708012800000,0.00010861
1708041600000,0.0001
1708070400000,0.0001
1708099200000,0.0001
1708128000000,0.0001
1708156800000,0.0001
1708185600000,0.0001
1708214400000,0.00012154
1708243200000,0.0001
1708272000000,0.0001
1708300800000,0.00017748
1708329600000,0.00013098
1708358400000,0.00019352
1708387200000,0.0001
1708416000000,0.0001
1708444800000,0.0001
1708473600000,0.0001
1708502400000,0.0001
1708531200000,0.0001
1708560000000,0.0001
1708588800000,0.0001
1708617600000,0.0001
1708646400000,0.0001
1708675200000,0.0001
1708704000000,0.0001
1708732800000,0.0001
1708761600000,0.0001
1708790400000,0.00010658
1708819200000,0.0001
1708848000000,0.0001
1708876800000,0.0001
1708905600000,0.0001
1708934400000,0.0001
1708963200000,0.0001
1708992000000,0.00026308
1709020800000,0.00067187
1709049600000,0.00030171
1709078400000,0.00023372
1709107200000,0.00019212
1709136000000,0.0005031
1709164800000,0.00061432
1709193600000,0.00072478
1709222400000,0.00069292
1709251200000,0.0003927
1709280000000,0.00039022
1709308800000,0.00040755
1709337600000,0.00013237
1709366400000,0.00023839
1709395200000,0.00059366
1709424000000,0.0005429
1709452800000,0.00041238
1709481600000,0.00048175
1709510400000,0.00045429
1709539200000,0.00067979
1709568000000,0.00082996
1709596800000,0.00080029
1709625600000,0.00112788
1709654400000,0.0009208
1709683200000,0.00028173
1709712000000,0.00024214
1709740800000,0.00047896
1709769600000,0.00027527
1709798400000,0.00024008
1709827200000,0.00050302
1709856000000,0.00035863
1709884800000,0.00040848
1709913600000,0.00072305
1709942400000,0.00023097
1709971200000,0.0002609
1710000000000,0.00028422
1710028800000,0.00033129
1710057600000,0.00058798
1710086400000,0.00065671
1710115200000,0.00041946
1710144000000,0.00077869
1710172800000,0.00074316
1710201600000,0.00049803
1710230400000,0.00051935
1710259200000,0.00055529
1710288000000,0.00034133
1710316800000,0.0007759
1710345600000,0.0004918
1710374400000,0.00028643
1710403200000,0.00048932
1710432000000,0.00049306
1710460800000,0.00050945
1710489600000,0.0001
1710518400000,0.0001
1710547200000,0.0001
1710576000000,0.0001
1710604800000,0.0001
1710633600000,0.0001
1710662400000,0.0001
1710691200000,0.00019339
1710720000000,0.00013515
1710748800000,0.00030244
1710777600000,0.0001
1710806400000,0.0001
1710835200000,0.0001
1710864000000,0.00011542
1710892800000,0.0001
1710921600000,0.0001
1710950400000,0.0001
1710979200000,0.0001
1711008000000,0.0001
1711036800000,0.0001
1711065600000,0.0001
1711094400000,0.0001
1711123200000,0.0001
1711152000000,0.0001
1711180800000,0.0001
1711209600000,0.0001
1711238400000,0.0001
1711267200000,0.0001
1711296000000,0.0001
1711324800000,0.0001
1711353600000,0.0001
1711382400000,0.00025614
1711411200000,0.00010181
1711440000000,0.00023139
1711468800000,0.00032273
1711497600000,0.00046291
1711526400000,0.00032533
1711555200000,0.00042313
1711584000000,0.00037678
1711612800000,0.00052851
1711641600000,0.00047308
1711670400000,0.00043346
1711699200000,0.0003284
1711728000000,0.00037754
1711756800000,0.00026099
1711785600000,0.0004336
1711814400000,0.00035292
1711843200000,0.0003051
1711872000000,0.00044673
1711900800000,0.00049276
1711929600000,0.00065297
1711958400000,0.00029626
1711987200000,0.00024903
1712016000000,0.00024486
1712044800000,0.0001
1712073600000,0.0001
1712102400000,0.0001
1712131200000,0.0001
1712160000000,0.0001
1712188800000,0.0001
1712217600000,0.0001
1712246400000,0.0001
1712275200000,0.0001
1712304000000,0.0001
1712332800000,0.0001
1712361600000,0.0001
1712390400000,0.0001
1712419200000,0.0001
1712448000000,0.0001
1712476800000,0.0001
1712505600000,0.0001
1712534400000,0.0001
1712563200000,0.0001
1712592000000,0.00021323
1712620800000,0.00020982
1712649600000,0.00015607
1712678400000,0.00016704
1712707200000,0.00011987
1712736000000,0.0001
1712764800000,0.0001
1712793600000,0.0001
1712822400000,0.0001
1712851200000,0.0001
1712880000000,0.0001
1712908800000,0.0001
1712937600000,0.0001
1712966400000,0.0001
1712995200000,0.0001
1713024000000,0.0001
1713052800000,0.00007356
1713081600000,0.0001
1713110400000,0.0001
1713139200000,0.00008288
1713168000000,-0.00003849
1713196800000,0.00000541
1713225600000,0.00008676
1713254400000,0.00006221
1713283200000,0.00006552
1713312000000,0.00003688
1713340800000,0.00000663
1713369600000,0.00004406
1713398400000,0.00007307
1713427200000,-0.00004087
1713456000000,-0.00005366
1713484800000,-0.00002998
1713513600000,0.0001
1713542400000,0.00005565
1713571200000,0.0000358
1713600000000,0.00000943
1713628800000,-0.00006986
1713657600000,-0.00001858
1713686400000,0.00004833
1713715200000,0.00005023
1713744000000,0.00009377
1713772800000,0.0001
1713801600000,-0.00007379
1713830400000,-0.00015398
1713859200000,-0.00001744
1713888000000,0.00007572
1713916800000,0.0001
1713945600000,0.0001
1713974400000,0.0000493
1714003200000,0.0001
1714032000000,-0.00001371
1714060800000,0.00002499
1714089600000,-0.00001077
1714118400000,-0.00003421
1714147200000,0.00006161
1714176000000,0.0001
1714204800000,0.0001
1714233600000,0.0001
1714262400000,0.0000402
1714291200000,0.0000792
1714320000000,0.000079
1714348800000,0.00001802
1714377600000,-0.00005782
1714406400000,0.0001
1714435200000,0.0000143
1714464000000,0.00000638
1714492800000,0.00008364
1714521600000,0.0001
1714550400000,0.0001
1714579200000,0.00005046
1714608000000,0.00001443
1714636800000,0.0001
1714665600000,-0.0001045
1714694400000,-0.00009395
1714723200000,-0.00005166
1714752000000,-0.00008669
1714780800000,-0.00009541
1714809600000,0.00001769
1714838400000,-0.00002317
1714867200000,0.00003013
1714896000000,0.00007133
1714924800000,0.0001
1714953600000,0.00004545
1714982400000,0.00007226
1715011200000,0.00008717
1715040000000,0.0001
1715068800000,0.0001
1715097600000,0.0001
1715126400000,0.0001
1715155200000,0.0001
1715184000000,0.0001
1715212800000,0.0001
1715241600000,0.00004634
1715270400000,0.00008999
1715299200000,0.00000272
1715328000000,0.00001145
1715356800000,0.0001
1715385600000,0.0001
1715414400000,0.0001
1715443200000,0.0001
1715472000000,0.0001
1715500800000,0.00005654
1715529600000,0.0001
1715558400000,-0.00000144
1715587200000,0.00009033
1715616000000,0.00000959
1715644800000,-0.00002451
1715673600000,0.0001
1715702400000,0.00009399
1715731200000,0.00006589
1715760000000,0.00003598
1715788800000,-0.00006766
1715817600000,0.00003295
1715846400000,0.00006558
1715875200000,0.00002947
1715904000000,0.0001
1715932800000,0.0001
1715961600000,0.0001
1715990400000,0.00002216
1716019200000,0.00007849
1716048000000,0.00001546
1716076800000,0.00004445
1716105600000,0.00009105
1716134400000,0.00007228
1716163200000,0.00001894
1716192000000,0.0001
1716220800000,0.00006146
1716249600000,0.0001
1716278400000,0.0001
1716307200000,0.0001
1716336000000,0.0001
1716364800000,0.0001
1716393600000,0.0001
1716422400000,0.0001
1716451200000,0.00015256
1716480000000,0.00010356
1716508800000,0.0001
1716537600000,0.0001
1716566400000,0.0001
1716595200000,0.0001
1716624000000,0.0001
1716652800000,0.0001
1716681600000,0.0001
1716710400000,0.0001
1716739200000,0.0001
1716768000000,0.0001
1716796800000,0.0001
1716825600000,0.0001
1716854400000,0.0001
1716883200000,0.0001
1716912000000,0.0001
1716940800000,0.0001
1716969600000,0.00010687
1716998400000,0.0001
1717027200000,0.0001
1717056000000,0.0001
1717084800000,0.0001
1717113600000,0.0001
1717142400000,0.0001
1717171200000,0.0001
1717200000000,0.0001
1717228800000,0.0001
1717257600000,0.0001
1717286400000,0.0001
1717315200000,0.0001
1717344000000,0.0001
1717372800000,0.0001
1717401600000,0.0001
1717430400000,0.0001
1717459200000,0.0001
1717488000000,0.00016251
1717516800000,0.0001
1717545600000,0.0001
1717574400000,0.0001104
1717603200000,0.0001
1717632000000,0.0001
1717660800000,0.0001
1717689600000,0.0001
1717718400000,0.0001
1717747200000,0.0001
1717776000000,0.00014636
1717804800000,0.00015015
1717833600000,0.0001
1717862400000,0.0001
1717891200000,0.0001
1717920000000,0.0001
1717948800000,0.0001
1717977600000,0.0001
1718006400000,0.0001
1718035200000,0.0001
1718064000000,0.0001
1718092800000,0.0001
1718121600000,0.0001
1718150400000,0.00002722
1718179200000,0.00001528
1718208000000,0.00002555
1718236800000,0.0001
1718265600000,0.00004526
1718294400000,0.00004705
1718323200000,0.00002162
1718352000000,0.0001
1718380800000,0.00004866
1718409600000,0.00000849
1718438400000,0.00009013
1718467200000,0.00002833
1718496000000,0.00001204
1718524800000,-0.00001968
1718553600000,-0.00002464
1718582400000,-0.00002987
1718611200000,0.0000041
1718640000000,-0.00000986
1718668800000,0.00000232
1718697600000,0.0001
1718726400000,0.00006445
1718755200000,0.0001
1718784000000,0.00007993
1718812800000,0.00000173
1718841600000,0.00008409
1718870400000,0.0001
1718899200000,0.0001
1718928000000,0.000076
1718956800000,-0.00000157
1718985600000,-0.00003133
1719014400000,0.00009131
1719043200000,-0.00007713
1719072000000,0.00001375
1719100800000,0.00001361
1719129600000,-0.00002913
1719158400000,0.00003299
1719187200000,0.00001505
1719216000000,-0.00006977
1719244800000,-0.0001414
1719273600000,-0.0001186
1719302400000,-0.00008286
1719331200000,-0.00002683
1719360000000,-0.00012635
1719388800000,-0.00009366
1719417600000,-0.00006612
1719446400000,-0.00003526
1719475200000,0.00004902
1719504000000,0.00008267
1719532800000,0.00003226
1719561600000,0.00002455
1719590400000,-0.00002545
1719619200000,0.0001
1719648000000,-0.0001494
1719676800000,0.00005126
1719705600000,-0.0000587
1719734400000,-0.00006335
1719763200000,-0.00014348
1719792000000,-0.00001829
1719820800000,-0.00011856
1719849600000,-0.00003625
1719878400000,-0.0000661
1719907200000,-0.00000581
1719936000000,0.00005178
1719964800000,0.00004183
1719993600000,0.00003338
1720022400000,-0.00002314
1720051200000,0.00005803
1720080000000,0.00003251
1720108800000,-0.00002617
1720137600000,0.00004545
1720166400000,0.0001
1720195200000,0.00001577
1720224000000,-0.00001215
1720252800000,0.00007586
1720281600000,0.00005275
1720310400000,-0.00005467
1720339200000,0.0001
1720368000000,0.00005711
1720396800000,-0.00002263
1720425600000,0.00008711
1720454400000,0.0001
1720483200000,0.00008992
1720512000000,0.0001
1720540800000,0.0001
1720569600000,0.0001
1720598400000,0.00003916
1720627200000,0.0001
1720656000000,0.0001
1720684800000,0.0000413
1720713600000,0.00000784
1720742400000,0.0001
1720771200000,0.00004673
1720800000000,-0.00003418
1720828800000,-0.00000164
1720857600000,0.00000098
1720886400000,0.0000782
1720915200000,0.00005461
1720944000000,0.0001
1720972800000,0.00002743
1721001600000,0.00000134
1721030400000,-0.00000493
1721059200000,0.0001
1721088000000,-0.00004633
1721116800000,0.0001
1721145600000,0.0001
1721174400000,0.00008038
1721203200000,0.0001
1721232000000,-0.00001974
1721260800000,0.00000266
1721289600000,0.00005085
1721318400000,0.0000133
1721347200000,0.00009438
1721376000000,0.0001
1721404800000,0.0001
1721433600000,0.00009501
1721462400000,0.0000495
1721491200000,0.00003897
1721520000000,0.00008307
1721548800000,0.00006724
1721577600000,0.0001
1721606400000,0.0001
1721635200000,0.0001
1721664000000,0.0001
1721692800000,0.00005306
1721721600000,0.0001
1721750400000,0.00003978
1721779200000,0.0001
1721808000000,0.0001
1721836800000,0.0001
1721865600000,0.0001
1721894400000,0.0001
1721923200000,0.0001
1721952000000,0.00002176
1721980800000,0.00006204
1722009600000,0.00005936
1722038400000,0.00008304
1722067200000,0.0001
1722096000000,0.0001
1722124800000,0.0001
1722153600000,0.0001
1722182400000,0.0001
1722211200000,0.0001
1722240000000,0.0001
1722268800000,0.0001
1722297600000,0.0001
1722326400000,-0.00011367
1722355200000,0.00007656
1722384000000,0.0001
1722412800000,0.0001
1722441600000,0.00004863
1722470400000,0.00009544
1722499200000,0.00007135
1722528000000,0.00003459
1722556800000,0.0001
1722585600000,0.0001
1722614400000,0.00002532
1722643200000,0.00000223
1722672000000,-0.00005581
1722700800000,0.00000073
1722729600000,0.00003485
1722758400000,0.00003978
1722787200000,0.00000503
1722816000000,0.00001975
1722844800000,-0.00000592
1722873600000,-0.00005066
1722902400000,0.00000757
1722931200000,0.00001866
1722960000000,0.0001
1722988800000,0.00002722
1723017600000,0.00006767
1723046400000,0.0001
1723075200000,0.00004616
1723104000000,0.00009389
1723132800000,-0.00002911
1723161600000,-0.0000192
1723190400000,0.00002569
1723219200000,-0.00001845
1723248000000,0.00004448
1723276800000,0.0001
1723305600000,0.00005312
1723334400000,0.00008623
1723363200000,0.00003775
1723392000000,-0.00002976
1723420800000,0.0001
1723449600000,0.0001
1723478400000,0.00002174
1723507200000,-0.00000123
1723536000000,0.0001
1723564800000,0.00004726
1723593600000,-0.0000185
1723622400000,-0.00000316
1723651200000,-0.00001699
1723680000000,0.00001011
1723708800000,0.0000192
1723737600000,0.00005472
1723766400000,0.00003989
1723795200000,0.00004876
1723824000000,0.00003934
1723852800000,0.00006207
1723881600000,0.00006351
1723910400000,0.00008377
1723939200000,0.00007872
1723968000000,-0.00000312
1723996800000,0.00001326
1724025600000,0.00001276
1724054400000,-0.00001638
1724083200000,0.00000469
1724112000000,-0.00002908
1724140800000,0.00006912
1724169600000,0.00001082
1724198400000,-0.00003496
1724227200000,-0.00002723
1724256000000,0.00000096
1724284800000,-0.00000761
1724313600000,0.00004547
1724342400000,0.0000623
1724371200000,0.0001
1724400000000,0.00007561
1724428800000,0.00002511
1724457600000,-0.00002164
1724486400000,0.00008709
1724515200000,0.00009036
1724544000000,0.0001
1724572800000,0.00003955
1724601600000,0.0001
1724630400000,0.0000824
1724659200000,0.0000038
1724688000000,0.00006223
1724716800000,0.00008141
1724745600000,0.00007353
1724774400000,0.0001
1724803200000,-0.00000789
1724832000000,-0.00000581
1724860800000,-0.0000324
1724889600000,0.00001018
1724918400000,0.00003501
1724947200000,0.00000616
1724976000000,-0.0001219
1725004800000,0.00001737
1725033600000,0.00001815
1725062400000,0.00003389
1725091200000,0.00007128
1725120000000,0.00004759
1725148800000,0.00009478
1725177600000,0.00004649
1725206400000,-0.00000928
1725235200000,-0.00002521
1725264000000,-0.00004265
1725292800000,0.00003884
1725321600000,0.00002799
1725350400000,0.00002372
1725379200000,0.00007738
1725408000000,0.00004569
1725436800000,0.00000358
1725465600000,-0.00002771
1725494400000,-0.00004165
1725523200000,-0.00000239
1725552000000,0.00000848
1725580800000,-0.00004633
1725609600000,-0.0000166
1725638400000,0.00000186
1725667200000,0.00002842
1725696000000,0.0000243
1725724800000,0.00003364
1725753600000,0.0000468
1725782400000,0.00001751
1725811200000,0.00003261
1725840000000,0.00009883
1725868800000,0.00009123
1725897600000,-0.0000354
1725926400000,0.0001
1725955200000,0.00001276
1725984000000,0.00000995
1726012800000,0.00004027
1726041600000,0.00001728
1726070400000,0.00009155
1726099200000,0.00000315
1726128000000,0.00006624
1726156800000,0.00002538
1726185600000,0.00003154
1726214400000,-0.0000431
1726243200000,0.00001552
1726272000000,-0.00001724
1726300800000,-0.00000795
1726329600000,-0.00002375
1726358400000,0.00007514
1726387200000,0.00000208
1726416000000,0.00007324
1726444800000,0.00003377
1726473600000,0.00002239
1726502400000,0.00004538
1726531200000,0.0001
1726560000000,0.00007666
1726588800000,0.00002251
1726617600000,0.00000648
1726646400000,0.00005549
1726675200000,0.00008846
1726704000000,0.00009784
1726732800000,0.00006603
1726761600000,0.00005137
1726790400000,0.00003807
1726819200000,-0.00001615
1726848000000,0.0001
1726876800000,0
1726905600000,-0.0000054
1726934400000,-0.00001119
1726963200000,-0.00000558
1726992000000,-0.00004374
1727020800000,0.00005468
1727049600000,0.0001
1727078400000,-0.00001126
1727107200000,0.00004386
1727136000000,0.00008154
1727164800000,0.00007883
1727193600000,0.00002404
1727222400000,0.0001
1727251200000,0.0001
1727280000000,0.0001
1727308800000,0.0001
1727337600000,0.0001
1727366400000,0.00009007
1727395200000,0.00007718
1727424000000,0.0000868
1727452800000,0.0000378
1727481600000,0.00004588
1727510400000,0.0001
1727539200000,0.00006532
1727568000000,0.0001
1727596800000,0.0001
1727625600000,0.0001
1727654400000,0.0001
1727683200000,0.0001
1727712000000,0.0001
1727740800000,0.00002677
1727769600000,0.00000208
1727798400000,0.0000526
1727827200000,0.0001
1727856000000,0.00009064
1727884800000,-0.00000913
1727913600000,0.00007216
1727942400000,0.0001
1727971200000,0.00007355
1728000000000,0.0001
1728028800000,0.00000878
1728057600000,0.00006585
1728086400000,0.00001457
1728115200000,0.00003716
1728144000000,0.00007081
1728172800000,0.0001
1728201600000,0.0001
1728230400000,0.00004254
1728259200000,0.00001298
1728288000000,0.00000109
1728316800000,0.00008184
1728345600000,-0.00002285
1728374400000,-0.00000639
1728403200000,0.0000006
1728432000000,0.00002239
1728460800000,0.00008393
1728489600000,0.00008869
1728518400000,0.00002703
1728547200000,0.00005089
1728576000000,0.00006638
1728604800000,0.00000744
1728633600000,0.00004712
1728662400000,0.0001
1728691200000,0.0001
1728720000000,0.0001
1728748800000,0.00006714
1728777600000,0.0000918
1728806400000,0.00005896
1728835200000,0.00006966
1728864000000,0.00006128
1728892800000,0.0001
1728921600000,0.0001
1728950400000,0.0001
1728979200000,0.0001
1729008000000,0.0001
1729036800000,0.0001
1729065600000,0.0001
1729094400000,0.0001
1729123200000,0.0001
1729152000000,0.0001
1729180800000,0.0001
1729209600000,0.00008463
1729238400000,0.0001
1729267200000,0.0001
1729296000000,0.0001
1729324800000,0.0001
1729353600000,0.0001
1729382400000,0.0001
1729411200000,0.0001
1729440000000,0.0001
1729468800000,0.0001
1729497600000,0.0001
1729526400000,0.0001
1729555200000,0.0001
1729584000000,0.0001
1729612800000,0.0001
1729641600000,0.0001
1729670400000,0.0001
1729699200000,0.0001
1729728000000,0.0001
1729756800000,0.0001
1729785600000,0.0001
1729814400000,0.0001
1729843200000,0.00007097
1729872000000,0.0001
1729900800000,0.00007515
1729929600000,0.0001
1729958400000,0.00008614
1729987200000,0.00008659
1730016000000,0.0001
1730044800000,0.00009734
1730073600000,0.0001
1730102400000,0.0001
1730131200000,0.0001
1730160000000,0.0001
1730188800000,0.0001
1730217600000,0.0001
1730246400000,0.0001
1730275200000,0.0001
1730304000000,0.0001
1730332800000,0.0001
1730361600000,0.0001
1730390400000,0.0001
1730419200000,0.0001
1730448000000,0.0001
1730476800000,0.0001
1730505600000,0.0001
1730534400000,0.0001
1730563200000,0.0001
1730592000000,0.0001
1730620800000,0.0001
1730649600000,0.0001
1730678400000,0.0001
1730707200000,0.0001
1730736000000,0.0001
1730764800000,0.0001
1730793600000,0.0001
1730822400000,0.0001
1730851200000,0.00007377
1730880000000,0.0001
1730908800000,0.0001
1730937600000,0.0001
1730966400000,0.00011201
1730995200000,0.0001
1731024000000,0.0001
1731052800000,0.0001
1731081600000,0.0001
1731110400000,0.0001
1731139200000,0.0001
1731168000000,0.0001
1731196800000,0.0001
1731225600000,0.00032792
1731254400000,0.00018979
1731283200000,0.00039065
1731312000000,0.00017995
1731340800000,0.0001
1731369600000,0.00038564
1731398400000,0.00061844
1731427200000,0.00050342
1731456000000,0.00014477
1731484800000,0.0001
1731513600000,0.00035174
1731542400000,0.0001
1731571200000,0.00016549
1731600000000,0.00012832
1731628800000,0.0001
1731657600000,0.0001
1731686400000,0.0001
1731715200000,0.00019471
1731744000000,0.00039173
1731772800000,0.00025031
1731801600000,0.00029261
1731830400000,0.00030785
1731859200000,0.00035655
1731888000000,0.00021098
1731916800000,0.0005391
1731945600000,0.00033111
1731974400000,0.00031835
1732003200000,0.00039932
1732032000000,0.00024229
1732060800000,0.0001
1732089600000,0.00011458
1732118400000,0.00016424
1732147200000,0.0001
1732176000000,0.00014189
1732204800000,0.00017392
1732233600000,0.00015928
1732262400000,0.00028963
1732291200000,0.00023833
1732320000000,0.0001
1732348800000,0.00017386
1732377600000,0.00025348
1732406400000,0.00034942
1732435200000,0.00032388
1732464000000,0.00029092
1732492800000,0.00036288
1732521600000,0.00035212
1732550400000,0.00034875
1732579200000,0.0001
1732608000000,0.00012749
1732636800000,0.0001
1732665600000,0.00023609
1732694400000,0.00023229
1732723200000,0.00027093
1732752000000,0.00019422
1732780800000,0.00019894
1732809600000,0.00023188
1732838400000,0.00030861
1732867200000,0.0002543
1732896000000,0.00035268
1732924800000,0.00016876
1732953600000,0.00028189
1732982400000,0.00015012
1733011200000,0.0001532
1733040000000,0.0003311
1733068800000,0.00016625
1733097600000,0.00015058
1733126400000,0.00014214
1733155200000,0.0001
1733184000000,0.0001
1733212800000,0.00025103
1733241600000,0.00012348
1733270400000,0.00027771
1733299200000,0.00042588
1733328000000,0.00036313
1733356800000,0.00031187
1733385600000,0.00108552
1733414400000,0.00064806
1733443200000,0.00013466
1733472000000,0.0001
1733500800000,0.0001
1733529600000,0.00015125
1733558400000,0.0001
1733587200000,0.0001
1733616000000,0.00026121
1733644800000,0.00024888
1733673600000,0.00029123
1733702400000,0.00017858
1733731200000,0.0001
1733760000000,0.00015788
1733788800000,0.0001
1733817600000,0.0001
1733846400000,0.0001
1733875200000,0.0001
1733904000000,0.0001
1733932800000,0.0001
1733961600000,0.0001
1733990400000,0.0001
1734019200000,0.0001
1734048000000,0.0001
1734076800000,0.0001
1734105600000,0.0001
1734134400000,0.0001
1734163200000,0.0001
1734192000000,0.0001
1734220800000,0.0001
1734249600000,0.0001
1734278400000,0.0001
1734307200000,0.0001
1734336000000,0.0001
1734364800000,0.0001
1734393600000,0.0001
1734422400000,0.0001
1734451200000,0.0001
1734480000000,0.0001
1734508800000,0.00009332
1734537600000,0.0001
1734566400000,0.00006854
1734595200000,-0.00004531
1734624000000,-0.00002748
1734652800000,-0.00004799
1734681600000,0.00002774
1734710400000,0.00009101
1734739200000,-0.00002976
1734768000000,-0.00003727
1734796800000,-0.00001912
1734825600000,0.00001532
1734854400000,0.0000456
1734883200000,0.00002233
1734912000000,0.00002123
1734940800000,0.00000435
1734969600000,0.00003701
1734998400000,0.0000498
1735027200000,0.00005237
1735056000000,0.00008079
1735084800000,0.0001
1735113600000,0.0001
1735142400000,0.0001
1735171200000,0.0001
1735200000000,0.00006989
1735228800000,0.00004138
1735257600000,0.00001089
1735286400000,0.00005263
1735315200000,0.00000327
1735344000000,0.00000693
1735372800000,-0.00003321
1735401600000,0.00000577
1735430400000,0.00003548
1735459200000,0.0000006
1735488000000,0.00003159
1735516800000,-0.00005981
1735545600000,-0.00001761
1735574400000,-0.00002975
1735603200000,0.00000865
1735632000000,-0.0000019
1735660800000,0.0001
1735689600000,0.0001
1735718400000,0.00007085
1735747200000,0.00006921
1735776000000,0.0001
1735804800000,0.0001
1735833600000,0.0001
1735862400000,0.0001
1735891200000,0.00009015
1735920000000,0.0001
1735948800000,0.00003779
1735977600000,0.00009859
1736006400000,0.00005258
1736035200000,0.0001
1736064000000,0.0001
1736092800000,0.00007478
1736121600000,0.0001
1736150400000,0.0001
1736179200000,0.0001
1736208000000,0.00005254
1736236800000,0.00002899
1736265600000,0.0001
1736294400000,0.00008585
1736323200000,0.00004936
1736352000000,0.00009631
1736380800000,0.0000643
1736409600000,0.00005118
1736438400000,-0.00000846
1736467200000,0.00006938
1736496000000,0.00000902
1736524800000,0.00007043
1736553600000,0.0000608
1736582400000,0.00006697
1736611200000,0.00004981
1736640000000,0.0000831
1736668800000,0.00006034
1736697600000,0.00008847
1736726400000,0.00009996
1736755200000,0.00007361
1736784000000,0.00000661
1736812800000,0.0001
1736841600000,0.0001
1736870400000,0.0001
1736899200000,0.00005343
1736928000000,0.00007032
1736956800000,0.0001
1736985600000,0.00005755
1737014400000,0.0001
1737043200000,0.0001
1737072000000,0.00007555
1737100800000,0.0001
1737129600000,0.0001
1737158400000,0.00009347
1737187200000,0.0001
1737216000000,0.0001
1737244800000,0.0001
1737273600000,0.0001
1737302400000,0.0001
1737331200000,0.0001
1737360000000,0.0001
1737388800000,0.0001
1737417600000,0.0001
1737446400000,0.0001
1737475200000,0.0001
1737504000000,0.0001
1737532800000,0.0001
1737561600000,0.0001
1737590400000,0.0001
1737619200000,0.0001
1737648000000,0.0001
1737676800000,0.00004386
1737705600000,0.00009463
1737734400000,0.0001
1737763200000,0.0001
1737792000000,0.00007472
1737820800000,0.00005217
1737849600000,0.0001
1737878400000,0.0001
1737907200000,0.0001
1737936000000,0.0001
1737964800000,0.00000253
1737993600000,0.00001349
1738022400000,0.00000581
1738051200000,0.00005241
1738080000000,0.00000659
1738108800000,-0.00002196
1738137600000,0.00001792
1738166400000,0.00006486
1738195200000,0.00007587
1738224000000,0.0001
1738252800000,0.0001
1738281600000,0.00001241
1738310400000,0.00003319
1738339200000,0.00002658
1738368000000,-0.00014857
1738396800000,-0.00011979
1738425600000,-0.00002399
1738454400000,-0.00001242
1738483200000,-0.00001722
1738512000000,-0.00002013
1738540800000,0.00006421
1738569600000,0.00001227
1738598400000,-0.0000511
1738627200000,-0.00001274
1738656000000,0.0001
1738684800000,0.00007932
1738713600000,0.00001167
1738742400000,0.00002633
1738771200000,0.0001
1738800000000,0.00006568
1738828800000,0.0000801
1738857600000,0.00006781
1738886400000,0.00007196
1738915200000,0.00003448
1738944000000,0.00008283
1738972800000,-0.00005658
1739001600000,0.00001686
1739030400000,0.00000656
1739059200000,0.00002052
1739088000000,0.00000927
1739116800000,0.00003139
1739145600000,0.00002217
1739174400000,0.0000857
1739203200000,0.00009182
1739232000000,0.00007625
1739260800000,0.00005578
1739289600000,-0.00001778
1739318400000,0.00001737
1739347200000,0.00003227
1739376000000,0.00000523
1739404800000,0.00009802
1739433600000,0.00006447
1739462400000,0.00004455
1739491200000,0.00008865
1739520000000,0.0001
1739548800000,0.0001
1739577600000,0.00003027
1739606400000,0.00000062
1739635200000,0.00005122
1739664000000,0.00005342
1739692800000,-0.00001542
1739721600000,0.0000033
1739750400000,0.00000939
1739779200000,0.0000311
1739808000000,0.00000041
1739836800000,0.00002818
1739865600000,0.00001517
1739894400000,0.00009433
1739923200000,0.00009711
1739952000000,0.0001
1739980800000,0.0001
1740009600000,0.0001
1740038400000,0.0001
1740067200000,0.0000778
1740096000000,0.00001268
1740124800000,0.00008046
1740153600000,0.00003323
1740182400000,0.0005139
1740211200000,0.00025044
1740240000000,0.0001
1740268800000,0.0001
1740297600000,0.0001
1740326400000,0.0001
1740355200000,0.0001
1740384000000,0.0001
1740412800000,0.0001
1740441600000,0.0001
1740470400000,0.0001
1740499200000,0.0001
1740528000000,0.0001
1740556800000,0.0001
1740585600000,0.00009698
1740614400000,-0.00014527
1740643200000,-0.00009552
1740672000000,0.00008877
1740700800000,0.0001
1740729600000,0.0000261
1740758400000,-0.00014671
1740787200000,0.0001
1740816000000,0.00004533
1740844800000,0.00000917
1740873600000,0.00007239
1740902400000,0.0001
1740931200000,0.00006936
1740960000000,0.0001
1740988800000,0.0001
1741017600000,0.0001
1741046400000,-0.00003351
1741075200000,0.00000296
1741104000000,0.0000123
1741132800000,0.0001
1741161600000,0.0001
1741190400000,0.0001
1741219200000,0.00002585
1741248000000,0.0001
1741276800000,0.00001038
1741305600000,0.00001342
1741334400000,0.0000804
1741363200000,0.0001
1741392000000,0.0001
1741420800000,0.0000644
1741449600000,0.00001288
1741478400000,0.00003824
1741507200000,0.00004848
1741536000000,-0.000032
1741564800000,-0.00029357
1741593600000,-0.00007275
1741622400000,-0.00008207
1741651200000,0.00000832
1741680000000,-0.00001591
1741708800000,0.00006844
1741737600000,0.00008765
1741766400000,0.00007949
1741795200000,0.00004824
1741824000000,0.00005496
1741852800000,0.00008477
1741881600000,-0.00001285
1741910400000,-0.00015919
1741939200000,0.00004476
1741968000000,0.0001
1741996800000,0.0001
1742025600000,0.0001
1742054400000,0.00002487
1742083200000,0.00009014
1742112000000,0.00002721
1742140800000,-0.00006539
1742169600000,-0.00001937
1742198400000,0.00006645
1742227200000,-0.00000712
1742256000000,-0.0000191
1742284800000,0.00001801
1742313600000,0.00000084
1742342400000,-0.0000612
1742371200000,0.00007579
1742400000000,0.00007731
1742428800000,0.00001139
1742457600000,0.00007139
1742486400000,-0.00000981
1742515200000,-0.00001414
1742544000000,0.00002088
1742572800000,-0.00000534
1742601600000,0.00004702
1742630400000,0.00002873
1742659200000,0.00000295
1742688000000,-0.00001499
1742716800000,0.00001609
1742745600000,-0.00003516
1742774400000,0.00001997
1742803200000,0.00009114
1742832000000,0.00002952
1742860800000,0.00001676
1742889600000,-0.00000448
1742918400000,0.00000784
1742947200000,-0.00001721
1742976000000,0.00007133
1743004800000,-0.00004927
1743033600000,-0.00001904
1743062400000,0.000047
1743091200000,-0.00003998
1743120000000,-0.00000541
1743148800000,-0.00000706
1743177600000,0.00003856
1743206400000,0.00003739
1743235200000,-0.00001692
1743264000000,0.00000668
1743292800000,0.00004207
1743321600000,-0.00004333
1743350400000,0.00000413
1743379200000,-0.00000311
1743408000000,0.00002713
1743436800000,-0.00000319
1743465600000,-0.00011844
1743494400000,0.00002705
1743523200000,0.00001751
1743552000000,0.00002346
1743580800000,-0.00002533
1743609600000,-0.00002791
1743638400000,-0.00002095
1743667200000,0.00001376
1743696000000,-0.00000899
1743724800000,0.0001
1743753600000,0.00009307
1743782400000,0.00003029
1743811200000,0.00009537
1743840000000,0.00009739
1743868800000,0.00003366
1743897600000,0.00009173
1743926400000,0.00009894
1743955200000,0.00000377
1743984000000,0.00000125
1744012800000,-0.00003202
1744041600000,0.00003657
1744070400000,0.00000902
1744099200000,0.00007245
1744128000000,0.00003545
1744156800000,0.00002267
1744185600000,-0.00002068
1744214400000,0.0001
1744243200000,0.00009218
1744272000000,0.0001
1744300800000,0.00004691
1744329600000,-0.00003007
1744358400000,0.00004989
1744387200000,0.0001
1744416000000,0.00006951
1744444800000,-0.00000906
1744473600000,0.00001472
1744502400000,0.00007698
1744531200000,0.00001214
1744560000000,-0.00000389
1744588800000,-0.00003415
1744617600000,0.00005162
1744646400000,0.00003854
1744675200000,0.00000392
1744704000000,0.0001
1744732800000,0.00007167
1744761600000,-0.00006198
1744790400000,-0.00009053
1744819200000,-0.00001926
1744848000000,-0.00000984
1744876800000,0.00000812
1744905600000,-0.00001058
1744934400000,0.00003447
1744963200000,0.00000296
1744992000000,-0.00005146
1745020800000,-0.00001215
1745049600000,0.00006867
1745078400000,0.0001
1745107200000,0.00007048
1745136000000,-0.00001807
1745164800000,-0.0000766
1745193600000,0.00001937
1745222400000,0.0001
1745251200000,0.00009109
1745280000000,0.00003961
1745308800000,0.00004038
1745337600000,-0.00001936
1745366400000,-0.00002647
1745395200000,0.00005975
1745424000000,0.00002238
1745452800000,-0.00003794
1745481600000,0.0000149
1745510400000,-0.00000618
1745539200000,0.00008908
1745568000000,0.00003245
1745596800000,0.00004921
1745625600000,-0.00007485
1745654400000,0.00001459
1745683200000,0.00004978
1745712000000,-0.00006573
1745740800000,-0.00001749
1745769600000,-0.00003295
1745798400000,0.00001103
1745827200000,0.00005621
1745856000000,0.00000589
1745884800000,-0.00004385
1745913600000,0.00003872
1745942400000,0.00001268
1745971200000,-0.00002275
1746000000000,0.00009197
1746028800000,0.00000029
1746057600000,-0.00000048
1746086400000,0.00005255
1746115200000,0.00003782
1746144000000,-0.00003523
1746172800000,0.00002857
1746201600000,-0.0000303
1746230400000,-0.00011068
1746259200000,-0.00001484
1746288000000,-0.00006553
1746316800000,0.00000312
1746345600000,0.00004616
1746374400000,0.00003498
1746403200000,-0.00007123
1746432000000,0.00006744
1746460800000,0.00002175
1746489600000,-0.0000178
1746518400000,-0.00000683
1746547200000,0.00002767
1746576000000,0.00001728
1746604800000,0.00008919
1746633600000,0.00001529
1746662400000,0.00006604
1746691200000,0.0001
1746720000000,0.0001
1746748800000,0.0001
1746777600000,0.00009238
1746806400000,0.00005521
1746835200000,0.00007638
1746864000000,0.0001
1746892800000,0.0001
1746921600000,0.00008081
1746950400000,0.0001
1746979200000,0.0001
1747008000000,0.0001
1747036800000,0.0001
1747065600000,0.00007469
1747094400000,0.00006072
1747123200000,0.00004172
1747152000000,0.00001231
1747180800000,0.00002701
1747209600000,0.00005778
1747238400000,-0.00001591
1747267200000,-0.00003808
1747296000000,-0.00002825
1747324800000,0.0000338
1747353600000,-0.0000084
1747382400000,0.00003052
1747411200000,0.00001606
1747440000000,-0.00000198
1747468800000,0.00001723
1747497600000,0.00002515
1747526400000,0.00006156
1747555200000,0.00003858
1747584000000,0.0001
1747612800000,0.0001
1747641600000,0.00001146
1747670400000,0.00005514
1747699200000,0.00005531
1747728000000,0.00007096
1747756800000,0.0000044
1747785600000,0.00005146
1747814400000,0.00007956
1747843200000,0.00004226
1747872000000,0.00007967
1747900800000,0.0001
1747929600000,0.00009599
1747958400000,0.00002206
1747987200000,0.00005364
1748016000000,0.00006534
1748044800000,0.00002203
1748073600000,0.00003436
1748102400000,0.00004126
1748131200000,0.00007422
1748160000000,0.0001
1748188800000,0.00005451
1748217600000,0.0001
1748246400000,0.0001
1748275200000,0.00009627
1748304000000,0.0001
1748332800000,0.00003247
1748361600000,0.00002161
1748390400000,-0.00015645
1748419200000,-0.00009526
1748448000000,0.00003181
1748476800000,0.00007753
1748505600000,0.00005974
1748534400000,-0.00001219
1748563200000,0.0001
1748592000000,0.00009532
1748620800000,0.0001
1748649600000,0.0001
1748678400000,0.0001
1748707200000,0.0001
1748736000000,0.0001
1748764800000,0.00009391
1748793600000,0.00007421
1748822400000,0.0001
1748851200000,0.00006634
1748880000000,0.00000594
1748908800000,0.00002472
1748937600000,-0.00001601
1748966400000,0.00005591
1748995200000,-0.00000582
1749024000000,-0.00004859
1749052800000,0.00003102
1749081600000,0.00000335
1749110400000,-0.00000224
1749139200000,0.00001778
1749168000000,0.000066
1749196800000,0.00000475
1749225600000,0.00001407
1749254400000,-0.00005637
1749283200000,0.0001
1749312000000,0.00001688
1749340800000,0.0000343
1749369600000,-0.00001743
1749398400000,-0.00002669
1749427200000,-0.00003739
1749456000000,0.00002264
1749484800000,0.0001
1749513600000,0.0000811
1749542400000,0.00008419
1749571200000,0.0001
1749600000000,0.00007171
1749628800000,0.00004509
1749657600000,0.00005768
1749686400000,0.00005521
1749715200000,0.00007557
1749744000000,0.00004748
1749772800000,-0.00001155
1749801600000,0.00006608
1749830400000,0.00004363
1749859200000,0.00000574
1749888000000,-0.00001611
1749916800000,-0.00002466
1749945600000,0.00007299
1749974400000,0.0000717
1750003200000,0.0001
1750032000000,0.00004753
1750060800000,0.0001
1750089600000,0.00004729
1750118400000,0.00003074
1750147200000,0.00006718
1750176000000,0.00003008
1750204800000,-0.00001427
1750233600000,0.00000243
1750262400000,0.00002945
1750291200000,0.00001655
1750320000000,0.00001318
1750348800000,-0.00000097
1750377600000,0.00007635
1750406400000,0.00006425
1750435200000,0.00000709
1750464000000,0.00003019
1750492800000,-0.00002522
1750521600000,0.00003388
1750550400000,-0.00000539
1750579200000,0.00007054
1750608000000,0.00000617
1750636800000,-0.00000853
1750665600000,0.00001988
1750694400000,-0.00003379
1750723200000,0.00003432
1750752000000,0.00005734
1750780800000,0.00000619
1750809600000,-0.00002753
1750838400000,0.00004784
1750867200000,-0.00002087
1750896000000,-0.00007601
1750924800000,0.00000685
1750953600000,-0.00000066
1750982400000,-0.0000185
1751011200000,0.00001488
1751040000000,0.00003673
1751068800000,-0.00004711
1751097600000,0.00001239
1751126400000,0.00006048
1751155200000,0.00004098
1751184000000,0.00001443
1751212800000,0.00000852
1751241600000,0.00001024
1751270400000,0.00004958
1751299200000,-0.00000929
1751328000000,-0.00000321
1751356800000,-0.00002184
1751385600000,0.00001879
1751414400000,0.00004989
1751443200000,0.00006496
1751472000000,0.00005727
1751500800000,0.00005264
1751529600000,0.00005847
1751558400000,0.00007064
1751587200000,0.00005716
1751616000000,0.00002295
1751644800000,0.00002892
1751673600000,0.0001
1751702400000,0.00006637
1751731200000,0.00006102
1751760000000,0.00001647
1751788800000,0.00000114
1751817600000,0.00004813
1751846400000,0.0000867
1751875200000,0.00007141
1751904000000,0.00002928
1751932800000,-0.00005019
1751961600000,0.00003413
1751990400000,0.0000393
1752019200000,0.00003556
1752048000000,0.00004809
1752076800000,0.0000667
1752105600000,0.00008704
1752134400000,0.000061
1752163200000,0.0000794
1752192000000,0.0001
1752220800000,0.0001
1752249600000,0.0001
1752278400000,0.0001
1752307200000,0.0001
1752336000000,0.0001
1752364800000,0.00007909
1752393600000,0.00008875
1752422400000,0.0000926
1752451200000,0.00006157
1752480000000,0.0001
1752508800000,0.0001
1752537600000,0.0001
1752566400000,0.0001
1752595200000,0.0001
1752624000000,0.0001
1752652800000,0.0001
1752681600000,0.0001
1752710400000,0.0001
1752739200000,0.0001
1752768000000,0.0001
1752796800000,0.0001
1752825600000,0.0001
1752854400000,0.0001
1752883200000,0.0001
1752912000000,0.0001
1752940800000,0.0001
1752969600000,0.0001
1752998400000,0.0001
1753027200000,0.0001
1753056000000,0.0001
1753084800000,0.0001
1753113600000,0.0001
1753142400000,0.0001
1753171200000,0.0001
1753200000000,0.0001
1753228800000,0.00011431
1753257600000,0.0001
1753286400000,0.0001
1753315200000,0.0001
1753344000000,0.0001
1753372800000,0.0001
1753401600000,0.0001
1753430400000,0.0001
1753459200000,0.0001
1753488000000,0.0001
1753516800000,0.0001
1753545600000,0.0001
1753574400000,0.0001
1753603200000,0.0001
1753632000000,0.0001
1753660800000,0.0001
1753689600000,0.0001
1753718400000,0.0001
1753747200000,0.0001
1753776000000,0.0001
1753804800000,0.0001
1753833600000,0.0001
1753862400000,0.0001
1753891200000,0.0001
1753920000000,0.0001
1753948800000,0.0001
1753977600000,0.0001
1754006400000,-0.00001656
1754035200000,-0.00006328
1754064000000,0.0000378
1754092800000,0.0001
1754121600000,0.0001
1754150400000,0.0001
1754179200000,0.0001
1754208000000,0.0001
1754236800000,0.00007948
1754265600000,0.00004923
1754294400000,0.0000576
1754323200000,0.00001817
1754352000000,0.00007602
1754380800000,0.0001
1754409600000,0.00004579
1754438400000,0.0001
1754467200000,0.0001
1754496000000,0.00008685
1754524800000,0.00007728
1754553600000,0.00009173
1754582400000,0.00001388
1754611200000,-0.00003108
1754640000000,0.00003508
1754668800000,0.00008916
1754697600000,0.00000237
1754726400000,0.0000759
1754755200000,-0.00003166
1754784000000,0.00000196
1754812800000,0.0001
1754841600000,0.0001
1754870400000,0.0001
1754899200000,0.0001
1754928000000,0.0001
1754956800000,0.0001
1754985600000,0.0001
1755014400000,0.00003101
1755043200000,0.0001
1755072000000,0.0001
1755100800000,0.0001
1755129600000,0.0001
1755158400000,0.0001
1755187200000,0.0001
1755216000000,0.00009395
1755244800000,0.0001
1755273600000,0.0001
1755302400000,0.00003229
1755331200000,0.00005518
1755360000000,0.00005028
1755388800000,-0.00000725
1755417600000,0.00006699
1755446400000,0.00006233
1755475200000,0.0001
1755504000000,0.00009278
1755532800000,0.0000241
1755561600000,0.00005472
1755590400000,-0.0000097
1755619200000,0.00002078
1755648000000,0.0001
1755676800000,0.0001
1755705600000,0.0001
1755734400000,0.00008933
1755763200000,0.0001
1755792000000,0.0001
1755820800000,0.00007466
1755849600000,0.0001
1755878400000,0.00007665
1755907200000,0.0001
1755936000000,0.0001
1755964800000,0.0001
1755993600000,0.0001
1756022400000,0.0001
1756051200000,0.0001
1756080000000,0.0001
1756108800000,0.0001
1756137600000,0.0001
1756166400000,0.0001
1756195200000,0.0001
1756224000000,0.0001
1756252800000,0.0001
1756281600000,0.0001
1756310400000,0.00004016
1756339200000,0.00003951
1756368000000,0.00008813
1756396800000,0.000076
1756425600000,0.00004099
1756454400000,0.00003251
1756483200000,0.00004476
1756512000000,0.0001
1756540800000,0.0001
1756569600000,0.0001
1756598400000,0.0001
1756627200000,0.00003706
1756656000000,0.00005329
1756684800000,0.00004929
1756713600000,0.0001
1756742400000,0.0001
1756771200000,0.0001
1756800000000,0.0001
1756828800000,0.0001
1756857600000,0.0001
1756886400000,0.0001
1756915200000,0.0001
1756944000000,0.00009011
1756972800000,0.0000543
1757001600000,0.00005321
1757030400000,0.00009591
1757059200000,0.0001
1757088000000,0.00009934
1757116800000,0.00008521
1757145600000,0.00004635
1757174400000,-0.00000897
1757203200000,0.00004448
1757232000000,0.0001
1757260800000,0.00007039
1757289600000,0.0001
1757318400000,0.00002857
1757347200000,0.00007948
1757376000000,0.00002551
1757404800000,0.00001604
1757433600000,0.00001388
1757462400000,0.00003935
1757491200000,0.0001
1757520000000,0.00007774
1757548800000,0.00000819
1757577600000,0.00004762
1757606400000,0.0001
1757635200000,0.00009416
1757664000000,0.00006127
1757692800000,0.00009896
1757721600000,-0.00003243
1757750400000,0.00003148
1757779200000,0.0000608
1757808000000,0.00002142
1757836800000,-0.00001938
1757865600000,0.00005701
1757894400000,0.00007622
1757923200000,0.0001
1757952000000,0.0000798
1757980800000,0.0001
1758009600000,0.0001
1758038400000,0.00003464
1758067200000,0.00008059
1758096000000,0.00004581
1758124800000,0.00004605
1758153600000,0.0001
1758182400000,0.0001
1758211200000,0.00008669
1758240000000,0.0000674
1758268800000,0.00006754
1758297600000,0.00003193
1758326400000,0.0000292
1758355200000,0.00008845
1758384000000,0.0001
1758412800000,0.00006911
1758441600000,0.0001
1758470400000,0.00008065
1758499200000,0.00004095
1758528000000,0.00008326
1758556800000,0.00000086
1758585600000,0.00003469
1758614400000,-0.00001646
1758643200000,-0.00002302
1758672000000,-0.00002517
1758700800000,0.00001004
1758729600000,0.0000694
1758758400000,0.00004029
1758787200000,-0.00000374
1758816000000,-0.00002638
1758844800000,0.0000593
1758873600000,0.00003018
1758902400000,0.00007381
1758931200000,0.00006796
1758960000000,0.0000645
1758988800000,0.00006911
1759017600000,0.0001
1759046400000,0.00001443
1759075200000,0.00005984
1759104000000,0.0001
1759132800000,0.00006586
1759161600000,0.0001
1759190400000,0.00006638
1759219200000,0.00008111
1759248000000,0.00001288
1759276800000,0.0001
1759305600000,0.0001
1759334400000,0.00002801
1759363200000,0.00004183
1759392000000,0.00006812
1759420800000,0.00009106
1759449600000,0.00001482
1759478400000,0.00000066
1759507200000,0.00001396
1759536000000,0.00000884
1759564800000,0.00005991
1759593600000,0.00004757
1759622400000,0.0001
1759651200000,0.0001
1759680000000,0.00007664
1759708800000,0.00009618
1759737600000,0.0001
1759766400000,0.0000758
1759795200000,0.00000246
1759824000000,-0.00002887
1759852800000,0.0001
1759881600000,0.0001
1759910400000,0.0001
1759939200000,0.0001
1759968000000,0.00003109
1759996800000,0.00003706
1760025600000,0.00005581
1760054400000,0.0001
1760083200000,0.0001
1760112000000,0.00004578
1760140800000,-0.00014131
1760169600000,0.0001
1760198400000,0.0001
1760227200000,-0.00000737
1760256000000,0.0000284
1760284800000,0.00006092
1760313600000,0.0001
1760342400000,0.0001
1760371200000,0.00004824
1760400000000,0.00007775
1760428800000,-0.00002259
1760457600000,0.0000003
1760486400000,0.00000962
1760515200000,0.00002225
1760544000000,-0.00000158
1760572800000,0.00000329
1760601600000,-0.00000475
1760630400000,-0.00003787
1760659200000,0.00000925
1760688000000,-0.00000891
1760716800000,0.00001371
1760745600000,-0.00002473
1760774400000,-0.00001289
1760803200000,0.00005928
1760832000000,0.00003953
1760860800000,0.00003762
1760889600000,0.0001
1760918400000,0.00005677
1760947200000,0.0001
1760976000000,0.0001
1761004800000,0.00007228
1761033600000,0.00001871
1761062400000,0.00008799
1761091200000,0.00002025
1761120000000,0.00004647
1761148800000,0.000055
1761177600000,0.00005646
1761206400000,0.0001
1761235200000,0.00006755
1761264000000,-0.00000164
1761292800000,0.0001
1761321600000,0.00004654
1761350400000,0.00003168
1761379200000,0.0001
1761408000000,0.0001
1761436800000,0.00009909
1761465600000,0.00005578
1761494400000,0.0001
1761523200000,0.0001
1761552000000,0.0001
1761580800000,0.00005882
1761609600000,0.00001045
1761638400000,0.00003558
1761667200000,0.00008991
1761696000000,-0.00000396
1761724800000,0.00001593
1761753600000,0.00001663
1761782400000,0.00002081
1761811200000,0.0000362
1761840000000,-0.00002633
1761868800000,0.00002357
1761897600000,0.0001
1761926400000,0.00005658
1761955200000,0.00002475
1761984000000,0.00002432
1762012800000,0.00006744
1762041600000,0.00005819
1762070400000,0.0000476
1762099200000,0.00001946
1762128000000,0.00002067
1762156800000,-0.00004708
1762185600000,0.0000529
1762214400000,0.00003846
1762243200000,-0.00001217
1762272000000,0.00004548
1762300800000,0.00004865
1762329600000,0.00001344
1762358400000,-0.0000114
1762387200000,0.00002099
1762416000000,0.00003291
1762444800000,0.00004827
1762473600000,-0.00003307
1762502400000,0.00003929
1762531200000,0.0000252
1762560000000,0.00007924
1762588800000,0.00000847
1762617600000,-0.00000744
1762646400000,-0.00000171
1762675200000,0.00003745
1762704000000,0.00007699
1762732800000,0.00009233
1762761600000,0.00008068
1762790400000,0.00004716
1762819200000,0.0000135
1762848000000,-0.00004885
1762876800000,0.00005706
1762905600000,0.00006811
1762934400000,0.00003386
1762963200000,0.00009323
1762992000000,-0.00001163
1763020800000,0.00001427
1763049600000,0.00002564
1763078400000,-0.00004056
1763107200000,0.00001296
1763136000000,0.00005789
1763164800000,0.00004552
1763193600000,0.0000712
1763222400000,0.0000447
1763251200000,0.00000979
1763280000000,0.00003754
1763308800000,0.00004955
1763337600000,0.00005953
1763366400000,0.0001
1763395200000,0.00007101
1763424000000,0.00008162
1763452800000,0.0000431
1763481600000,0.0001
1763510400000,0.00004908
1763539200000,-0.00000434
1763568000000,-0.00000981
1763596800000,0.00004555
1763625600000,0.0001
1763654400000,0.00001338
1763683200000,-0.00000479
1763712000000,-0.00000726
1763740800000,0.00005602
1763769600000,0.0000339
1763798400000,0.00002259
1763827200000,0.00006123
1763856000000,0.00004974
1763884800000,0.00004368
1763913600000,0.00000931
1763942400000,-0.00001427
1763971200000,-0.00003212
1764000000000,-0.00000016
1764028800000,-0.00006725
1764057600000,-0.00000414
1764086400000,-0.00004901
1764115200000,-0.00000927
1764144000000,-0.00000268
1764172800000,0.00000162
1764201600000,0.0000341
1764230400000,-0.00000303
1764259200000,-0.00000801
1764288000000,0.0000017
1764316800000,-0.00000378
1764345600000,-0.00000746
1764374400000,-0.00009691
1764403200000,-0.00000976
1764432000000,0.00001029
1764460800000,0.00007307
1764489600000,0.00005238
1764518400000,0.00001622
1764547200000,0.0000075
1764576000000,-0.00000605
1764604800000,-0.00000107
1764633600000,-0.00000917
1764662400000,0.00004832
1764691200000,0.0000179
1764720000000,0.00000924
1764748800000,0.0000273
1764777600000,0.00003174
1764806400000,0.00007408
1764835200000,0.00003057
1764864000000,-0.00000857
1764892800000,0.00001741
1764921600000,0.00004438
1764950400000,-0.00000868
1764979200000,-0.00000586
1765008000000,-0.0000331
1765036800000,-0.00004707
1765065600000,-0.00000828
1765094400000,-0.00001167
1765123200000,0.00002284
1765152000000,0.0000287
1765180800000,0.00008354
1765209600000,0.00003817
1765238400000,-0.00001767
1765267200000,0.00001299
1765296000000,0.00001324
1765324800000,0.00003203
1765353600000,0.00001545
1765382400000,0.00001461
1765411200000,0.00003674
1765440000000,-0.00002557
1765468800000,0.0000362
1765497600000,0.00008389
1765526400000,0.00009806
1765555200000,0.00002758
1765584000000,-0.00000341
1765612800000,-0.00000263
1765641600000,0.00003709
1765670400000,0.00003698
1765699200000,0.00001145
1765728000000,-0.00000781
1765756800000,0.00000488
1765785600000,0.00002867
1765814400000,0.00003887
1765843200000,0.00000757
1765872000000,-0.00001351
1765900800000,0.00005556
1765929600000,0.00004598
1765958400000,0.00001137
1765987200000,0.00008443
1766016000000,0.00000163
1766044800000,0.00007539
1766073600000,0.0001
1766102400000,-0.00000676
1766131200000,0.00001709
1766160000000,0.00007296
1766188800000,0.0000318
1766217600000,-0.0000071
1766246400000,-0.00003557
1766275200000,0.00001724
1766304000000,-0.00000537
1766332800000,-0.00001499
1766361600000,0.00005372
1766390400000,0.00005485
1766419200000,0.0000676
1766448000000,-0.00002911
1766476800000,-0.00001673
1766505600000,0.00001491
1766534400000,0.00002786
1766563200000,-0.00002072
1766592000000,0.00004572
1766620800000,0.00009492
1766649600000,0.0000746
1766678400000,0.00005249
1766707200000,0.00003744
1766736000000,0.0001
1766764800000,0.0001
1766793600000,0.00003048
1766822400000,0.00002438
1766851200000,0.00006103
1766880000000,0.00005786
1766908800000,0.0001
1766937600000,0.00009813
1766966400000,0.00003373
1766995200000,0.0001
1767024000000,-0.00002482
1767052800000,0.00005475
1767081600000,-0.00003667
1767110400000,0.00006054
1767139200000,0.00003257
1767168000000,0.00009464
1767196800000,0.0001
1767225600000,0.00003574
